episode,frame,time_s,decision,reason
clear_green,0,0.0,GO,"V2X=green, scores low"
clear_green,1,0.1,GO,"V2X=green, scores low"
clear_green,2,0.2,GO,"V2X=green, scores low"
clear_green,3,0.3,GO,"V2X=green, scores low"
clear_green,4,0.4,GO,"V2X=green, scores low"
clear_green,5,0.5,GO,"V2X=green, scores low"
clear_green,6,0.6,STOP,red_score=0.36 or person_score=0.77
clear_green,7,0.7,STOP,red_score=0.09 or person_score=0.77
clear_green,8,0.8,GO,"V2X=green, scores low"
clear_green,9,0.9,GO,"V2X=green, scores low"
clear_green,10,1.0,GO,"V2X=green, scores low"
clear_green,11,1.1,GO,"V2X=green, scores low"
clear_green,12,1.2,GO,"V2X=green, scores low"
clear_green,13,1.3,GO,"V2X=green, scores low"
clear_green,14,1.4,GO,"V2X=green, scores low"
clear_green,15,1.5,GO,"V2X=green, scores low"
clear_green,16,1.6,GO,"V2X=green, scores low"
clear_green,17,1.7,GO,"V2X=green, scores low"
clear_green,18,1.8,GO,"V2X=green, scores low"
clear_green,19,1.9,GO,"V2X=green, scores low"
clear_green,20,2.0,GO,"V2X=green, scores low"
clear_green,21,2.1,GO,"V2X=green, scores low"
clear_green,22,2.2,GO,"V2X=green, scores low"
clear_green,23,2.3,GO,"V2X=green, scores low"
late_red,0,0.0,GO,"V2X=green, scores low"
late_red,1,0.1,GO,"V2X=green, scores low"
late_red,2,0.2,GO,"V2X=green, scores low"
late_red,3,0.3,GO,"V2X=green, scores low"
late_red,4,0.4,GO,"V2X=green, scores low"
late_red,5,0.5,GO,"V2X=green, scores low"
late_red,6,0.6,GO,"V2X=green, scores low"
late_red,7,0.7,GO,"V2X=green, scores low"
late_red,8,0.8,GO,"V2X=green, scores low"
late_red,9,0.9,STOP,V2X=red
late_red,10,1.0,STOP,V2X=red
late_red,11,1.1,STOP,red_score=0.99 or person_score=0.01
late_red,12,1.2,STOP,red_score=0.91 or person_score=0.01
late_red,13,1.3,STOP,red_score=0.99 or person_score=0.04
late_red,14,1.4,STOP,red_score=0.86 or person_score=0.03
late_red,15,1.5,STOP,red_score=0.87 or person_score=0.43
late_red,16,1.6,STOP,red_score=0.96 or person_score=0.01
late_red,17,1.7,STOP,red_score=0.76 or person_score=0.01
late_red,18,1.8,STOP,red_score=0.94 or person_score=0.14
late_red,19,1.9,STOP,red_score=0.95 or person_score=0.01
late_red,20,2.0,STOP,red_score=0.93 or person_score=0.03
late_red,21,2.1,STOP,red_score=0.97 or person_score=0.05
late_red,22,2.2,STOP,red_score=0.97 or person_score=0.01
late_red,23,2.3,STOP,red_score=0.95 or person_score=0.18
person_crossing,0,0.0,GO,"V2X=green, scores low"
person_crossing,1,0.1,GO,"V2X=green, scores low"
person_crossing,2,0.2,GO,"V2X=green, scores low"
person_crossing,3,0.3,GO,"V2X=green, scores low"
person_crossing,4,0.4,GO,"V2X=green, scores low"
person_crossing,5,0.5,GO,"V2X=green, scores low"
person_crossing,6,0.6,GO,"V2X=green, scores low"
person_crossing,7,0.7,STOP,red_score=0.01 or person_score=0.82
person_crossing,8,0.8,STOP,red_score=0.21 or person_score=0.78
person_crossing,9,0.9,GO,"V2X=green, scores low"
person_crossing,10,1.0,STOP,red_score=0.12 or person_score=0.85
person_crossing,11,1.1,STOP,red_score=0.01 or person_score=0.99
person_crossing,12,1.2,STOP,red_score=0.01 or person_score=0.99
person_crossing,13,1.3,STOP,red_score=0.09 or person_score=0.94
person_crossing,14,1.4,STOP,red_score=0.01 or person_score=0.99
person_crossing,15,1.5,GO,"V2X=green, scores low"
person_crossing,16,1.6,GO,"V2X=green, scores low"
person_crossing,17,1.7,STOP,red_score=0.38 or person_score=0.99
person_crossing,18,1.8,STOP,red_score=0.23 or person_score=0.98
person_crossing,19,1.9,STOP,red_score=0.01 or person_score=0.99
person_crossing,20,2.0,STOP,red_score=0.11 or person_score=0.99
person_crossing,21,2.1,STOP,red_score=0.01 or person_score=0.99
person_crossing,22,2.2,STOP,red_score=0.23 or person_score=0.79
person_crossing,23,2.3,STOP,red_score=0.22 or person_score=0.81
