sequence,frame,u_near,u_far,conf_near,conf_far
clear,0,241.00,242.50,0.857,0.857
clear,1,242.00,243.50,0.857,0.857
clear,2,243.00,244.50,0.857,0.857
clear,3,244.00,245.50,0.857,0.857
clear,4,245.50,246.00,0.929,0.929
clear,5,246.50,246.50,0.857,0.857
clear,6,248.00,247.50,0.929,0.857
clear,7,249.00,248.50,0.929,0.857
clear,8,249.50,248.50,0.857,0.857
clear,9,250.50,249.50,0.929,0.857
clear,10,251.00,249.50,0.857,0.857
clear,11,252.00,250.50,0.857,0.857
clear,12,252.50,250.50,0.857,0.857
clear,13,253.00,250.50,0.857,0.857
clear,14,253.50,251.00,0.857,0.929
clear,15,254.00,251.50,0.857,0.929
clear,16,254.00,251.50,0.857,0.857
clear,17,254.00,251.50,0.857,0.929
clear,18,254.00,251.00,0.857,0.929
clear,19,254.00,250.50,0.857,0.857
clear,20,254.00,250.50,0.857,0.857
clear,21,254.00,250.00,0.857,0.857
clear,22,253.00,249.50,0.786,0.857
clear,23,253.00,249.50,0.857,0.929
shadow,0,279.50,242.50,0.571,0.857
shadow,1,284.50,243.50,0.571,0.857
shadow,2,289.50,244.50,0.571,0.643
shadow,3,294.50,246.10,0.571,0.400
shadow,4,245.50,248.86,0.929,0.400
shadow,5,246.50,252.52,0.857,0.400
shadow,6,248.00,256.71,0.929,0.400
shadow,7,249.00,261.23,0.929,0.400
shadow,8,249.50,265.74,0.857,0.400
shadow,9,250.50,270.44,0.929,0.400
shadow,10,251.00,275.06,0.857,0.400
shadow,11,252.00,242.00,0.857,0.514
shadow,12,252.50,249.00,0.857,0.571
shadow,13,253.00,250.50,0.857,0.857
shadow,14,253.50,251.00,0.857,0.929
shadow,15,254.00,251.50,0.857,0.929
shadow,16,254.00,251.50,0.857,0.857
shadow,17,254.00,251.50,0.857,0.929
shadow,18,254.00,251.00,0.857,0.929
shadow,19,254.00,250.50,0.857,0.857
shadow,20,254.00,250.50,0.857,0.857
shadow,21,254.00,233.30,0.857,0.343
shadow,22,233.60,224.78,0.343,0.400
shadow,23,223.16,221.47,0.400,0.400
missing,0,279.50,241.00,0.500,0.500
missing,1,281.50,241.40,0.400,0.400
missing,2,284.70,247.64,0.400,0.286
missing,3,267.62,251.78,0.400,0.229
missing,4,245.50,254.67,0.929,0.286
missing,5,246.50,256.80,0.857,0.286
missing,6,248.00,258.28,0.929,0.229
missing,7,249.00,259.57,0.929,0.229
missing,8,249.50,260.74,0.857,0.286
missing,9,250.50,261.64,0.929,0.286
missing,10,251.00,262.19,0.857,0.229
missing,11,252.00,262.91,0.857,0.286
missing,12,252.50,241.15,0.857,0.229
missing,13,253.00,249.50,0.857,0.571
missing,14,253.50,249.50,0.857,0.571
missing,15,254.00,250.00,0.857,0.571
missing,16,254.00,250.00,0.857,0.571
missing,17,254.00,250.00,0.857,0.571
missing,18,254.00,244.80,0.857,0.400
missing,19,254.00,242.00,0.857,0.571
missing,20,254.00,249.00,0.857,0.643
missing,21,254.00,232.40,0.857,0.343
missing,22,233.60,224.24,0.343,0.400
missing,23,223.16,221.14,0.400,0.400
